"id","tree","Sp","x","y","h.dist","dbh","h","dead","v.user","w.user"
1,1,21,0.985300000058487,1.93800000008196,2.174088335,30.8,14,NA,NA,0.204526784
1,2,21,-1.87870000000112,1.8410000000149,2.630360183,28.3,13.7,NA,NA,0.1689717722
1,3,21,0.508299999986775,-4.38800000026822,4.417342288,38.9,16.7,NA,NA,0.3891673478
1,4,21,5.03029999998398,0.314000000245869,5.040090683,32.4,14.3,NA,NA,0.2311781472
1,5,21,-1.80369999993127,4.99100000038743,5.306921395,36.7,13.1,NA,NA,0.2717215886
1,6,21,6.29229999997187,3.5570000000298,7.228090224,27.4,13.6,NA,NA,0.1572391744
1,7,21,3.6203000000678,6.58899999968708,7.518077752,26.9,13,NA,NA,0.144866722
1,8,21,2.59830000007059,-7.16799999959767,7.624394198,32.2,14.5,NA,NA,0.231526372
1,9,21,1.63030000007711,-9.5910000000149,9.728574361,30.3,15.3,NA,NA,0.2163203658
1,10,21,10.3263000000734,0.498999999836087,10.33834961,24.7,12.8,NA,NA,0.1202609408
1,11,21,-8.10470000002533,6.99700000043958,10.70720183,26.8,15.2,NA,NA,0.1681256192
1,12,21,7.94929999997839,-8.74799999967217,11.82027388,36,14.4,NA,NA,0.28740096
1,13,21,1.67130000004545,11.7599999997765,11.87816668,30.9,14.7,NA,NA,0.2161498878
1,14,21,11.8823000000557,-1.70199999958277,12.00357685,30,12.8,NA,NA,0.177408
1,15,21,-11.9817000000039,2.33999999985099,12.20806024,31.9,15.7,NA,NA,0.2460377458
1,16,21,-10.3336999999592,6.57400000002235,12.24756432,29,13.8,NA,NA,0.17872932
1,17,21,11.9163000000408,4.80900000035763,12.85008509,26.4,11,NA,NA,0.118065024
1,18,21,-13.7637000000104,1.60599999967963,13.85708027,28.8,15.7,NA,NA,0.2005420032
1,19,21,6.89329999999609,-12.6349999997765,14.39308201,31.6,14.8,NA,NA,0.2275917952
1,20,21,-3.46869999996852,-14,14.42331029,35.9,14.3,NA,NA,0.2838217382
1,21,21,8.14029999997001,11.9630000004545,14.46989472,36.2,15,NA,NA,0.30271164
1,22,21,-10.2496999999275,10.2309999996796,14.48204789,32.4,15.8,NA,NA,0.2554276032
1,23,21,-5.51469999994151,14.0570000000298,15.10003858,30.5,15,NA,NA,0.21488775
1,24,21,3.95429999998305,-14.9570000004023,15.47088677,24,12,NA,NA,0.1064448
1,25,21,8.91830000001937,-12.9340000003576,15.71064706,32,14.8,NA,NA,0.23339008
1,26,21,-15.7467000000179,-2.94500000029802,16.0197249,26.3,16.3,NA,NA,0.1736280238
1,27,21,-9.62069999997038,-12.9340000003576,16.11974642,25.5,14.9,NA,NA,0.149206365
1,28,21,2.04029999999329,-16,16.12956367,29.5,11.5,NA,NA,0.154121275
1,29,21,-9.91969999996945,13.3519999999553,16.63359108,27.6,13.8,NA,NA,0.1618892352
1,30,21,9.88829999999143,13.6100000003353,16.8229182,28.4,15,NA,NA,0.18631536
1,31,21,-16.5426999999909,3.44500000029802,16.89760185,32.5,15.8,NA,NA,0.25700675
1,32,21,16.9113000000361,2.76900000032037,17.13649406,26.3,11.5,NA,NA,0.122498299
1,33,21,-12.5376999999862,-12.276999999769,17.54761096,25.5,14.7,NA,NA,0.147203595
1,34,21,11.1793000000762,13.910000000149,17.84558345,31,14.8,NA,NA,0.21903112
1,35,21,-5.63870000001043,17.0949999997392,18.00094338,27.8,14.6,NA,NA,0.1737653456
1,36,21,6.98129999998491,-16.63300000038,18.038715,28.9,13.9,NA,NA,0.1787850526
1,37,21,-17.3837000000058,5.17999999970198,18.13905802,24.8,15.4,NA,NA,0.1458628864
1,38,21,-16.3526999999303,8.52900000009686,18.44328166,33.7,17.4,NA,NA,0.3043194924
1,39,21,2.31530000001658,-18.3229999998584,18.46870172,24,14.5,NA,NA,0.1286208
1,40,21,-13.2626999999629,-13.5250000003725,18.94267236,22,16,NA,NA,0.1192576
1,41,21,-10.3776999999536,15.8700000001118,18.96189751,33.8,12.8,NA,NA,0.2251977728
1,42,21,-10.2156999999424,-16.2019999995828,19.15372889,32.6,16.8,NA,NA,0.2749572672
1,43,21,-1.15069999999832,-19.1399999996647,19.17455894,23.1,12.7,NA,NA,0.1043634438
1,44,21,-19.0337000000291,-4.29999999981374,19.51337325,34.1,16,NA,NA,0.286516384
2,1,21,-0.220499999937601,-3.00399999972433,3.012081713,36.5,13.6,NA,NA,0.27902644
2,2,21,2.99549999996088,0.506000000052154,3.037936183,22,14,NA,NA,0.1043504
2,3,21,3.0635000000475,3.46100000012666,4.622072398,30.1,13,NA,NA,0.181383202
2,4,21,4.92050000000745,1.91799999959767,5.28110256,25.5,12.3,NA,NA,0.123170355
2,5,21,4.65049999998882,-4.00499999988824,6.13735898,29.5,15.2,NA,NA,0.20370812
2,6,21,7.08449999999721,-3.73000000044703,8.006437426,20.4,12.7,NA,NA,0.0813925728
2,7,21,-7.09349999995902,4.61600000038743,8.463167153,30,12.8,NA,NA,0.177408
2,8,21,8.55449999996927,0.0169999999925494,8.554516892,27.8,12.6,NA,NA,0.1499618736
2,9,21,-2.06449999997858,9.08700000029057,9.318569056,26.3,11.5,NA,NA,0.122498299
2,10,21,5.48450000002049,-8.93499999959022,10.48398613,26,13.2,NA,NA,0.13741728
2,11,21,-8.64949999994133,6.81699999980628,11.01296233,24.7,12.8,NA,NA,0.1202609408
2,12,21,11.0535000000382,-2.21499999985099,11.27324653,28.5,13.5,NA,NA,0.168866775
2,13,21,8.11250000004657,-7.82899999991059,11.27412512,26.5,14.3,NA,NA,0.154649495
2,14,21,-11.0265000000363,-2.42999999970198,11.29108508,36,14.4,NA,NA,0.28740096
2,15,21,-10.0574999999953,-6.61600000038743,12.0384701,32,14.8,NA,NA,0.23339008
2,16,21,10.595500000054,-6.22200000006706,12.28730663,31.8,15.2,NA,NA,0.2367110592
2,17,21,-7.05949999997392,11.1270000003278,13.17750619,26.4,11,NA,NA,0.118065024
2,18,21,8.35750000004191,-10.4419999998063,13.37472131,28,14.3,NA,NA,0.17265248
2,19,21,6.03850000002421,12.1569999996573,13.57409781,29,13,NA,NA,0.1683682
2,20,21,-12.0825000000186,-6.31699999980628,13.6341958,31.6,14.8,NA,NA,0.2275917952
2,21,21,6.28549999999814,-12.8720000004396,14.32466035,34,14.4,NA,NA,0.25635456
2,22,21,12.3425000000279,-7.77699999976903,14.58831845,26.4,13.4,NA,NA,0.1438246656
2,23,21,14.7704999999842,-1.27699999976903,14.82559946,26,13.8,NA,NA,0.14366352
2,24,21,-2.44550000003073,-15.0559999998659,15.2533146,34.2,15.3,NA,NA,0.2755905768
2,25,21,11.5984999999637,10.1040000002831,15.38232812,31,13.9,NA,NA,0.20571166
2,26,21,-13.9455000000307,6.63200000021607,15.44216287,32.4,14.3,NA,NA,0.2311781472
2,27,21,1.28749999997672,15.445000000298,15.4985703,26.9,13.3,NA,NA,0.1482098002
2,28,21,1.80949999997392,-15.5580000001937,15.66287503,25.8,10.5,NA,NA,0.107633988
2,29,21,-11.9945000000298,-10.3150000004098,15.8198374,28.9,13.9,NA,NA,0.1787850526
2,30,21,15.9004999999888,1.24299999978393,15.94901092,31,14.1,NA,NA,0.20867154
2,31,21,0.0995000000111759,-15.9599999999627,15.96031016,31.2,14.1,NA,NA,0.2113727616
2,32,21,14.0555000000168,7.66899999976158,16.01157835,37.3,13.6,NA,NA,0.2913917776
2,33,21,11.2195000000065,-11.4950000001118,16.06275833,30.3,14.9,NA,NA,0.2106649314
2,34,21,-12.6835000000428,9.875,16.07441437,27.4,13.6,NA,NA,0.1572391744
2,35,21,-16.3774999999441,-0.849999999627471,16.39954287,32.2,14.5,NA,NA,0.231526372
2,36,21,9.17050000000745,13.9409999996424,16.6868077,31.1,10.8,NA,NA,0.1608663672
2,37,21,-1.55249999999069,17.1260000001639,17.19622436,30.4,13.3,NA,NA,0.1892864512
2,38,21,-15.0215000000317,-8.63900000043213,17.32852513,24,12,NA,NA,0.1064448
2,39,21,-17.3454999999376,-3.2730000000447,17.65159764,30.3,15.3,NA,NA,0.2163203658
2,40,21,10.7425000000512,-14.5159999998286,18.05867,27,13.2,NA,NA,0.14819112
2,41,21,14.4594999999972,11.4589999997988,18.449548,38.5,14.1,NA,NA,0.321855765
2,42,21,-18.4675000000279,1.92999999970198,18.56807627,38.9,16.7,NA,NA,0.3891673478
2,43,21,-16.9355000000214,-9.6820000000298,19.50774934,29.5,11.5,NA,NA,0.154121275
2,44,21,-17.9904999999562,8.25600000005215,19.79443422,30.8,14,NA,NA,0.204526784
2,45,21,-1.07250000000931,19.9519999995828,19.98080479,30.9,13.4,NA,NA,0.1970345916
3,1,21,3.82070000004023,1.61199999973178,4.146841266,31.1,13.7,NA,NA,0.2040619658
3,2,21,4.45369999995455,3.7730000000447,5.83703458,29.5,13.2,NA,NA,0.17690442
3,3,21,-4.20530000003055,5.04200000036508,6.565539741,26,13.8,NA,NA,0.14366352
3,4,21,-6.63329999998678,-1.45799999963492,6.791644344,26.4,13.4,NA,NA,0.1438246656
3,5,21,4.77569999999832,-5.17599999997765,7.042605093,31.6,14.8,NA,NA,0.2275917952
3,6,21,6.45570000004955,-3.91399999987334,7.54953366,34.4,15.3,NA,NA,0.2788232832
3,7,21,-3.07530000002589,7.56199999991804,8.16341314,31,14.1,NA,NA,0.20867154
3,8,21,-8.3802999999607,0.0970000000670552,8.380861357,31.8,15.2,NA,NA,0.2367110592
3,9,21,-7.92229999997653,4.10400000028312,8.922200025,28.5,13.5,NA,NA,0.168866775
3,10,21,-0.102300000027753,-9.03799999970943,9.038578942,27,15,NA,NA,0.168399
3,11,21,9.20669999998063,0.600999999791384,9.22629535,35.1,13.7,NA,NA,0.2599294698
3,12,21,-7.7563000000082,-5.17599999997765,9.324760892,30.3,14.9,NA,NA,0.2106649314
3,13,21,1.42770000000019,-9.97200000006706,10.0736841,24.8,16,NA,NA,0.151545856
3,14,21,4.51969999994617,-9.92899999953806,10.90929554,35.8,16.9,NA,NA,0.3335596264
3,15,21,-10.8632999999681,-1.50999999977648,10.96774302,26.5,14.3,NA,NA,0.154649495
3,16,21,5.36069999996107,9.64099999982864,11.03113709,31.3,13,NA,NA,0.196133938
3,17,21,-10.6182999999728,-4.12299999967217,11.39067267,28,14.3,NA,NA,0.17265248
3,18,21,-8.23329999996349,-8.19699999969453,11.6180049,27,13.2,NA,NA,0.14819112
3,19,21,-11.8913000000175,2.58899999968708,12.16987825,20.4,12.7,NA,NA,0.0813925728
3,20,21,-10.4213000000454,6.33600000012666,12.1962449,27.8,12.6,NA,NA,0.1499618736
3,21,21,9.86569999996573,7.50600000005215,12.39645403,33.4,12.3,NA,NA,0.2113093752
3,22,21,7.60869999998249,-9.88299999944866,12.47261018,28.5,15.2,NA,NA,0.19013148
3,23,21,-3.19429999997374,-12.125,12.53870717,32.6,14.6,NA,NA,0.2389509584
3,24,21,-13.4912999999942,-2.61599999945611,13.74258461,26,13.2,NA,NA,0.13741728
3,25,21,13.8477000000421,-1.04799999948591,13.88729993,39,14.6,NA,NA,0.34198164
3,26,21,3.02170000004116,-13.6809999998659,14.0107256,30.9,15.8,NA,NA,0.2323243692
3,27,21,-12.6903000000166,-6.55300000030547,14.28235006,34,14.4,NA,NA,0.25635456
3,28,21,-14.3253000000259,2.31400000024587,14.51098949,29.5,15.2,NA,NA,0.20370812
3,29,21,-4.92029999999795,13.9879999998957,14.82813191,37.3,13.6,NA,NA,0.2913917776
3,30,21,12.7637000000104,-8.54499999992549,15.35998251,30.8,14.6,NA,NA,0.2132922176
3,31,21,7.45770000002813,-13.6440000003204,15.5491487,22.8,14.7,NA,NA,0.1176813792
3,32,21,-1.5283000000054,-15.8640000000596,15.93744637,37.5,16.8,NA,NA,0.363825
3,33,21,-14.0553000000073,8.23699999973178,16.29109042,25.5,12.3,NA,NA,0.123170355
3,34,21,9.21169999998529,14.0260000005364,16.7804676,32,13.3,NA,NA,0.20973568
3,35,21,2.79769999999553,-16.6550000002608,16.88834362,24.1,14.8,NA,NA,0.1323782152
3,36,21,0.579700000002049,17.0120000001043,17.02187405,40,14.4,NA,NA,0.354816
3,37,21,14.8027000000002,9.02400000020862,17.33645014,28.6,11.6,NA,NA,0.1461203744
3,38,21,12.7227000000421,11.7920000003651,17.34699857,32.2,12.4,NA,NA,0.1979949664
3,39,21,-15.9803000000538,6.82500000018626,17.37672619,22,14,NA,NA,0.1043504
3,40,21,-7.37730000005104,16.4230000004172,18.00387415,31,13.9,NA,NA,0.20571166
3,41,21,5.94770000001881,-17.188000000082,18.18797623,30.4,17,NA,NA,0.241945088
3,42,21,-4.51630000001751,17.7779999999329,18.34268927,38.5,14.1,NA,NA,0.321855765
3,43,21,-15.9122999999672,9.78000000026077,18.67751834,30.1,13,NA,NA,0.181383202
3,44,21,6.75670000002719,17.6529999999329,18.9018889,27,10,NA,NA,0.112266
3,45,21,-19.1962999999523,3.31500000040978,19.48043015,36.5,13.6,NA,NA,0.27902644
3,46,21,-17.1663000000408,-9.2390000000596,19.49463969,25.8,10.5,NA,NA,0.107633988
4,1,21,1.560899999924,-1.25999999977648,2.005993223,36.7,16.6,NA,NA,0.3443189596
4,2,21,1.55889999994542,3.47300000023097,3.806822587,36.7,15.8,NA,NA,0.3277252748
4,3,21,5.12489999993704,-0.0379999997094274,5.125040879,28.2,12.9,NA,NA,0.1579823784
4,4,21,-6.21210000000428,-2.2269999999553,6.599220818,30.8,14.6,NA,NA,0.2132922176
4,5,21,-5.12809999997262,5.27000000048429,7.353251635,39,14.6,NA,NA,0.34198164
4,6,21,4.90090000000782,-6.49899999983609,8.139767921,36.2,17.4,NA,NA,0.3511455024
4,7,21,-0.545099999988452,-8.37799999956042,8.395714264,29.8,15.8,NA,NA,0.2160778928
4,8,21,7.79489999997895,5.2269999999553,9.385200851,34.7,15.4,NA,NA,0.2855619844
4,9,21,4.07990000001155,-9.72900000028312,10.54983531,31,18,NA,NA,0.2663892
4,10,21,-11.3671000000322,-3.56499999947846,11.91302596,28.5,15.2,NA,NA,0.19013148
4,11,21,-9.76910000003409,6.91899999976158,11.97112676,35.1,13.7,NA,NA,0.2599294698
4,12,21,-0.676100000040606,-12.5070000002161,12.52526088,25.3,14.7,NA,NA,0.1449035742
4,13,21,-12.5200999999652,2.40400000009686,12.74880857,34.4,15.3,NA,NA,0.2788232832
4,14,21,5.98690000001807,11.5389999998733,12.99967279,31,15.4,NA,NA,0.22791076
4,15,21,4.98789999994915,-12.4939999999478,13.45285035,27.3,16.2,NA,NA,0.1859349492
4,16,21,-11.5180999999866,-7.32600000035018,13.65052759,22.8,14.7,NA,NA,0.1176813792
4,17,21,2.98089999996591,-13.6940000001341,14.01468518,24.5,15.7,NA,NA,0.145128445
4,18,21,-14.2001000000164,1.14199999999255,14.24594693,31.6,14.8,NA,NA,0.2275917952
4,19,21,-14.4561000000685,-3.61099999956787,14.90027343,35.8,16.9,NA,NA,0.3335596264
4,20,21,14.1848999999929,5.09999999962747,15.0738644,34.3,15.7,NA,NA,0.2844517522
4,21,21,-4.17310000001453,15.3420000001788,15.89942539,28.6,11.6,NA,NA,0.1461203744
4,22,21,-10.6110999999801,-11.8530000001192,15.90877281,20.4,NA,1,NA,NA
4,23,21,-9.11010000004899,13.8240000000224,16.55587201,33.4,12.3,NA,NA,0.2113093752
4,24,21,16.6198999999324,-0.50899999961257,16.62769247,34.5,15.1,NA,NA,0.276780735
4,25,21,-3.01210000005085,-16.6899999994785,16.95962401,25.7,16.3,NA,NA,0.1657961998
4,26,21,-13.0280999999959,-10.8700000001118,16.96727113,30.4,17,NA,NA,0.241945088
4,27,21,-15.1550999999745,7.92999999970198,17.10444258,31.1,13.7,NA,NA,0.2040619658
4,28,21,12.3989000000292,-11.7970000002533,17.11437788,28.1,14.8,NA,NA,0.1799679112
4,29,21,-15.9540999999736,-7.36299999989569,17.57120018,30.9,15.8,NA,NA,0.2323243692
4,30,21,-14.5221000000602,10.0910000000149,17.68388163,29.5,13.2,NA,NA,0.17690442
4,31,21,9.64590000000317,14.8739999998361,17.72792325,30.7,13.9,NA,NA,0.2017494094
4,32,21,16.9908999999752,5.27500000037253,17.7909052,30.5,14.9,NA,NA,0.213455165
4,33,21,-17.5481000000145,-3.65400000009686,17.92449524,24.8,16,NA,NA,0.151545856
4,34,21,0.823899999959394,-18.5590000003576,18.57727892,34,15.3,NA,NA,0.27237672
4,35,21,5.72690000000875,-17.75800000038,18.65861591,27,15.2,NA,NA,0.17064432
4,36,21,-6.25309999997262,18.1100000003353,19.15915864,32.2,12.4,NA,NA,0.1979949664
4,37,21,-16.1781000000192,-10.3370000002906,19.19855434,24.1,14.8,NA,NA,0.1323782152
4,38,21,-19.0781000000425,-2.71999999973923,19.27102228,27,15,NA,NA,0.168399
4,39,21,18.9898999999277,-3.56099999975413,19.32089602,29.5,14,NA,NA,0.1876259
4,40,21,17.2428999999538,-9.00100000016391,19.45085092,39.5,18.1,NA,NA,0.434904085
4,41,21,17.5548999999883,8.54499999992549,19.5241271,23.8,14.3,NA,NA,0.1247414168
4,42,21,15.1098999999231,-12.5479999994859,19.6408091,33,16.3,NA,NA,0.27336078
4,43,21,18.6838999999454,-6.26699999999255,19.70693807,28,15.1,NA,NA,0.18231136
5,1,21,-2.38710000005085,-0.458000000566244,2.430639918,32.9,15.1,NA,NA,0.2517036214
5,2,21,3.2888999999268,-1.49299999978393,3.611912542,27.3,16.1,NA,NA,0.1847872026
5,3,21,3.30589999991935,2.28600000031292,4.019299791,25.7,16.3,NA,NA,0.1657961998
5,4,21,-5.29810000001453,-4.44400000013411,6.915128315,31.5,14.1,NA,NA,0.215457165
5,5,21,-6.91110000002664,0.88399999961257,6.967406921,34,16.7,NA,NA,0.29730008
5,6,21,7.14189999992959,0.416999999433756,7.154063503,34,15.3,NA,NA,0.27237672
5,7,21,6.0958999999566,-4.71399999968708,7.705958267,30,16.5,NA,NA,0.22869
5,8,21,-4.29310000000987,7.12299999967217,8.316720303,20.4,NA,1,NA,NA
5,9,21,-7.78210000006948,3.30499999970198,8.454827344,32,17,NA,NA,0.2680832
5,10,21,5.64189999992959,6.46899999957532,8.583647046,25.3,14.7,NA,NA,0.1449035742
5,11,21,5.54589999991003,-7.54300000052899,9.362363794,26.4,15.8,NA,NA,0.1695843072
5,12,21,-6.7101000000257,8.10599999967963,10.52295956,30.4,17,NA,NA,0.241945088
5,13,21,9.29889999993611,5.28199999965727,10.69434735,24.5,15.7,NA,NA,0.145128445
5,14,21,1.46889999997802,-11.2530000004917,11.34846581,23.8,15.1,NA,NA,0.1317199576
5,15,21,11.2968999999575,-1.44199999980628,11.38856065,29.1,15.4,NA,NA,0.2008294596
5,16,21,8.63489999994636,-7.60699999984354,11.50773423,24.5,16.3,NA,NA,0.150674755
5,17,21,5.77289999998175,10.598000000231,12.0683047,29.8,15.8,NA,NA,0.2160778928
5,18,21,12.044899999979,1.2179999994114,12.10632645,27,15.2,NA,NA,0.17064432
5,19,21,-6.25410000002012,-10.839999999851,12.51476595,25.5,15.6,NA,NA,0.15621606
5,20,21,3.28689999994822,-12.2020000005141,12.63695041,32.9,16.7,NA,NA,0.2783742038
5,21,21,-5.20010000001639,11.6499999994412,12.75788149,22.8,14.7,NA,NA,0.1176813792
5,22,21,-8.58110000006855,-9.57700000051409,12.85901265,42.5,16.8,NA,NA,0.467313
5,23,21,11.3058999999193,6.48199999984354,13.03225609,27.3,16.2,NA,NA,0.1859349492
5,24,21,12.1238999998895,-4.92100000008941,13.0845402,32.1,16.6,NA,NA,0.2634140124
5,25,21,-9.86010000004899,8.63899999950081,13.10930559,24.1,14.8,NA,NA,0.1323782152
5,26,21,-13.1001000000397,-2.4089999999851,13.31975604,36.2,16.9,NA,NA,0.3410551144
5,27,21,10.3978999999817,9.24699999950826,13.91486016,31,18,NA,NA,0.2663892
5,28,21,-14.1530999999959,2.41299999970943,14.35732596,30,14.1,NA,NA,0.195426
5,29,21,-9.63610000000335,11.6129999998957,15.09026813,30.9,15.8,NA,NA,0.2323243692
5,30,21,2.30989999999292,-15.0219999998808,15.19855658,25,16.5,NA,NA,0.1588125
5,31,21,10.8528999999398,-11.5920000001788,15.87954352,31,15.4,NA,NA,0.22791076
5,32,21,-5.04910000006203,15.4110000003129,16.21703832,28.5,15.2,NA,NA,0.19013148
5,33,21,-16.3041000000667,1.06900000013411,16.33910762,32.5,14.6,NA,NA,0.23748725
5,34,21,-4.57210000010673,-15.9950000001118,16.63562813,27,15.6,NA,NA,0.17513496
5,35,21,0.105899999965914,16.7489999998361,16.74933479,30.8,14.6,NA,NA,0.2132922176
5,36,21,11.218899999978,12.4769999999553,16.77913127,36.2,17.4,NA,NA,0.3511455024
5,37,21,-14.1861000000499,9.42999999970198,17.03438679,37.5,16.8,NA,NA,0.363825
5,38,21,-8.13810000009835,15.3650000002235,17.3871187,35.8,16.9,NA,NA,0.3335596264
5,39,21,-17.0371000000741,-6.47400000039488,18.22568112,33.5,15.3,NA,NA,0.264424545
5,40,21,-8.26110000000335,-16.5760000003502,18.52051698,31,16.4,NA,NA,0.24271016
5,41,21,-11.2301000000443,15.3219999996945,18.99681105,24.8,16,NA,NA,0.151545856
5,42,21,18.1308999999892,-6.7609999999404,19.35046914,35.2,17.6,NA,NA,0.3358294016
5,43,21,7.8788999998942,17.7160000000149,19.38901032,36.7,16.6,NA,NA,0.3443189596
6,1,21,4.7896999999648,3.11099999956787,5.711352474,37.5,16.8,NA,NA,0.363825
6,2,21,2.67169999994803,-5.25,5.890711408,32.5,14.6,NA,NA,0.23748725
6,3,21,4.82270000001881,-3.90600000042468,6.206067297,30,14.1,NA,NA,0.195426
6,4,21,3.12369999999646,6.84999999962747,7.528612202,32.6,14.6,NA,NA,0.2389509584
6,5,21,9.11569999996573,2.3199999993667,9.406295046,24.1,14.8,NA,NA,0.1323782152
6,6,21,-8.57630000007339,-5.3730000006035,10.12037799,42.5,16.3,NA,NA,0.453404875
6,7,21,5.87569999997504,-8.72800000011921,10.52149393,36.2,16.9,NA,NA,0.3410551144
6,8,21,9.33970000001136,5.29399999976158,10.73575484,30.9,15.8,NA,NA,0.2323243692
6,9,21,-1.91529999999329,10.7779999999329,10.94685608,27,13.2,NA,NA,0.14819112
6,10,21,-0.742300000041723,-11.0499999998137,11.07490448,37,15.8,NA,NA,0.33310508
6,11,21,11.1936999999452,-3.01400000043213,11.59237317,32,17,NA,NA,0.2680832
6,12,21,6.21569999994244,9.93699999991804,11.72087435,27,15,NA,NA,0.168399
6,13,21,7.74569999997038,9.00299999956042,11.87644212,24.8,16,NA,NA,0.151545856
6,14,21,12.265699999989,1.78699999954551,12.39519122,30.4,17,NA,NA,0.241945088
6,15,21,1.93869999994058,-12.793000000529,12.93906514,33.5,15.3,NA,NA,0.264424545
6,16,21,-12.344299999997,-4.3410000000149,13.0853362,29.7,14.8,NA,NA,0.2010459528
6,17,21,12.0646999999881,-5.43500000052154,13.23239249,34,16.7,NA,NA,0.29730008
6,18,21,-1.438300000038,13.7989999996498,13.87375608,30.3,14.9,NA,NA,0.2106649314
6,19,21,-6.37230000004638,12.421999999322,13.96109921,34,14.4,NA,NA,0.25635456
6,20,21,10.8376999999164,9.04600000008941,14.11686429,35.8,16.9,NA,NA,0.3335596264
6,21,21,-11.7353000000585,-8.56600000057369,14.52906129,37.8,15.1,NA,NA,0.3322624536
6,22,21,-10.8483000000706,9.73599999956787,14.57653281,25.8,10.5,NA,NA,0.107633988
6,23,21,14.6827000000048,0.803999999538064,14.70469637,20.4,NA,1,NA,NA
6,24,21,13.7756999999983,5.3309999993071,14.77123798,22.8,14.7,NA,NA,0.1176813792
6,25,21,-4.30030000000261,14.8519999999553,15.46203363,28,14.3,NA,NA,0.17265248
6,26,21,-12.5583000000333,9.33399999979883,15.6471868,31.2,14.1,NA,NA,0.2113727616
6,27,21,13.9266999999527,9.09200000017881,16.63182001,28.5,15.2,NA,NA,0.19013148
6,28,21,-13.032300000079,-10.938000000082,17.01413199,34.8,15.6,NA,NA,0.2909402496
6,29,21,13.6777000000002,-10.7630000002682,17.40464439,31.5,14.1,NA,NA,0.215457165
6,30,21,-0.315300000016578,17.5169999999925,17.51983742,26.4,13.4,NA,NA,0.1438246656
6,31,21,-9.56930000009015,-14.7319999998435,17.56710922,33.8,12.7,NA,NA,0.2234384152
6,32,21,11.0936999999685,13.7989999996498,17.7054393,31.6,14.8,NA,NA,0.2275917952
6,33,21,-7.17330000002403,16.3590000001714,17.86261778,26,13.2,NA,NA,0.13741728
6,34,21,16.5886999999639,-6.77700000070035,17.91961765,32.9,15.1,NA,NA,0.2517036214
6,35,21,-4.54529999999795,17.464999999851,18.04677193,26.5,14.3,NA,NA,0.154649495
6,36,21,-15.1033000000753,10.2379999998957,18.24626852,34.2,15.3,NA,NA,0.2755905768
6,37,21,10.3946999999462,-15.8960000006482,18.99296196,42.5,16.8,NA,NA,0.467313
6,38,21,-2.0622999999905,19.0719999996945,19.18317662,31.8,15.2,NA,NA,0.2367110592
6,39,21,12.7737000000197,15.0609999997541,19.74844634,34.4,15.3,NA,NA,0.2788232832
6,40,21,1.63370000000577,-19.7280000001192,19.79552878,37.5,15.9,NA,NA,0.344334375
7,1,21,-5.39950000005774,0.58600000012666,5.431205782,28.7,13.6,NA,NA,0.1725136336
7,2,21,3.87249999993946,3.91999999992549,5.51023196,34.2,15.3,NA,NA,0.2755905768
7,3,21,6.41749999998137,3.01599999982864,7.090878807,31.2,14.1,NA,NA,0.2113727616
7,4,21,-7.62549999996554,-2.57400000002235,8.048212612,31.5,15.7,NA,NA,0.239906205
7,5,21,-7.9035000000149,2.63200000021607,8.330230264,34,16,NA,NA,0.2848384
7,6,21,8.12749999994412,3.41799999959767,8.816971149,25.8,10.5,NA,NA,0.107633988
7,7,21,-5.6765000000596,8.6609999993816,10.35546103,28.9,13.9,NA,NA,0.1787850526
7,8,21,-11.2434999999823,-2.74899999983609,11.57468329,31.5,14,NA,NA,0.2139291
7,9,21,-11.1465000000317,3.1359999999404,11.57924688,32.5,13.9,NA,NA,0.226100875
7,10,21,-8.26049999997485,-8.3620000006631,11.75410159,33.4,13.8,NA,NA,0.2370788112
7,11,21,-10.3425000000279,6.97099999990314,12.47245554,24,14.5,NA,NA,0.1286208
7,12,21,6.6315000000177,-10.6589999999851,12.55352832,29.7,14.8,NA,NA,0.2010459528
7,13,21,-3.73950000002515,12.359999999404,12.91330555,32,14.8,NA,NA,0.23339008
7,14,21,-8.70350000006147,10.3369999993593,13.51312256,24,12,NA,NA,0.1064448
7,15,21,-5.76450000004843,12.6589999999851,13.90969954,31.6,14.8,NA,NA,0.2275917952
7,16,21,12.6034999999683,6.1039999993518,14.00382192,34,14.4,NA,NA,0.25635456
7,17,21,-10.6175000000512,9.29399999976158,14.11062515,29.5,11.5,NA,NA,0.154121275
7,18,21,-13.8085000000428,6.15400000009686,15.11775077,23.1,12.7,NA,NA,0.1043634438
7,19,21,11.8024999999907,10.0410000002012,15.49582806,26,13.2,NA,NA,0.13741728
7,20,21,10.3994999999413,-11.6910000005737,15.64701509,42.5,16.3,NA,NA,0.453404875
7,21,21,7.24049999995623,-14.8840000005439,16.5516856,37.8,15.1,NA,NA,0.3322624536
7,22,21,-12.0864999999758,-11.8610000004992,16.93419036,37.4,15.2,NA,NA,0.3274217408
7,23,21,14.6755000000121,8.5339999999851,16.97643827,28,14.3,NA,NA,0.17265248
7,24,21,6.0975000000326,15.9720000000671,17.09632388,36.5,13.6,NA,NA,0.27902644
7,25,21,-4.70850000006612,16.5460000000894,17.2029093,36,14.4,NA,NA,0.28740096
7,26,21,17.0605000000214,4.45999999996275,17.6338385,27,13.2,NA,NA,0.14819112
7,27,21,-17.9145000000717,-1.18699999991804,17.95378175,32.1,15.3,NA,NA,0.2427852042
7,28,21,14.4305000000168,11.1469999998808,18.23444376,26.5,14.3,NA,NA,0.154649495
7,29,21,5.94349999993574,-17.2560000000522,18.25088294,34.8,15.6,NA,NA,0.2909402496
7,30,21,-17.6524999999674,-5.52900000009686,18.49812415,31.6,14.7,NA,NA,0.2260540128
7,31,21,10.968499999959,14.9709999999031,18.55906337,29.5,15.2,NA,NA,0.20370812
7,32,21,17.5374999999767,7.48099999967963,19.06644349,30.3,14.9,NA,NA,0.2106649314
7,33,21,0.877499999944121,-19.0860000001267,19.10616137,42,14.4,NA,NA,0.39118464
7,34,21,-11.0274999999674,15.7029999997467,19.18827677,30.3,15.3,NA,NA,0.2163203658
7,35,21,-16.126500000013,11.2939999997616,19.68802779,35.9,14.3,NA,NA,0.2838217382
8,1,21,-3.89769999997225,2.77400000020862,4.78405072,32.6,16.8,NA,NA,0.2749572672
8,2,21,5.16729999997187,-0.16399999987334,5.169901865,23.1,12.7,NA,NA,0.1043634438
8,3,21,2.84930000000168,4.97599999979138,5.734028818,35.9,14.3,NA,NA,0.2838217382
8,4,21,-5.99069999996573,-2.37000000011176,6.442467423,30.8,18.3,NA,NA,0.2673457248
8,5,21,-3.30270000000019,6.04199999943376,6.885752775,25.5,14.9,NA,NA,0.149206365
8,6,21,-7.2227000000421,-0.0679999999701977,7.223020095,33.5,17.7,NA,NA,0.305902905
8,7,21,1.061299999943,-7.50499999988824,7.579669036,32.1,15.3,NA,NA,0.2427852042
8,8,21,7.82929999998305,-3.1820000000298,8.451216628,32.5,13.9,NA,NA,0.226100875
8,9,21,8.63329999998678,0.652999999932945,8.657960377,24,14.5,NA,NA,0.1286208
8,10,21,-6.94469999999274,5.45099999941885,8.828491325,22,16,NA,NA,0.1192576
8,11,21,8.35829999996349,2.97599999979138,8.872302682,29.5,11.5,NA,NA,0.154121275
8,12,21,-6.21970000001602,6.69900000002235,9.141185322,25.5,14.7,NA,NA,0.147203595
8,13,21,-9.70770000002813,-4.33300000056624,10.63081974,26.8,17.7,NA,NA,0.1957778592
8,14,21,10.2722999999532,4.01899999938905,11.0305262,24,12,NA,NA,0.1064448
8,15,21,-11.3187000000617,-1.20800000056624,11.38298,41,20,NA,NA,0.517748
8,16,21,11.0722999999998,-3.68599999975413,11.6697225,34,16,NA,NA,0.2848384
8,17,21,-10.3806999999797,-5.60300000011921,11.79629355,22.2,18.3,NA,NA,0.1388921688
8,18,21,7.73230000003241,-9.06699999980628,11.91633133,31.5,14,NA,NA,0.2139291
8,19,21,1.32330000004731,-11.8470000000671,11.92067665,31.6,14.7,NA,NA,0.2260540128
8,20,21,7.94830000004731,9.38499999977648,12.29852422,30.3,15.3,NA,NA,0.2163203658
8,21,21,-6.51769999996759,-10.4830000000075,12.34397433,37.6,17,NA,NA,0.370122368
8,22,21,-10.624700000044,8.29299999959767,13.47805992,28.1,16.3,NA,NA,0.1982079022
8,23,21,13.2992999999551,2.3429999994114,13.50411158,28.9,13.9,NA,NA,0.1787850526
8,24,21,11.3503000000492,-8.89199999999255,14.41863288,31.5,15.7,NA,NA,0.239906205
8,25,21,-14.3386999999639,2.69900000002235,14.59050783,34,17.4,NA,NA,0.30976176
8,26,21,13.2112999999663,6.3410000000149,14.65423927,31.6,14.8,NA,NA,0.2275917952
8,27,21,13.576299999957,-5.73199999984354,14.73674814,28.7,13.6,NA,NA,0.1725136336
8,28,21,8.91630000004079,11.8080000001937,14.79625864,32.2,14.5,NA,NA,0.231526372
8,29,21,6.82629999995697,14.5879999995232,16.10615149,38.9,16.7,NA,NA,0.3891673478
8,30,21,15.2362999999896,6.04199999943376,16.39056441,32,14.8,NA,NA,0.23339008
8,31,21,-1.08869999996386,-16.473000000231,16.50893687,39.5,15.6,NA,NA,0.37483446
8,32,21,-15.454700000002,-5.95999999996275,16.56409829,37.3,19.8,NA,NA,0.4242321468
8,33,21,-14.1347000000533,-9.21999999973923,16.8759635,37.2,19,NA,NA,0.404911584
8,34,21,-15.2587000000058,7.22099999990314,16.88107718,46,19.6,NA,NA,0.63869344
8,35,21,-14.1996999999974,10.0860000001267,17.41720058,29.5,14.9,NA,NA,0.199687565
8,36,21,-17.2907000000123,-2.20899999979883,17.43123597,49.3,20.7,NA,NA,0.7747916022
8,37,21,14.2672999999486,10.2280000001192,17.55470972,36,14.4,NA,NA,0.28740096
8,38,21,10.7153000000399,-14.6800000006333,18.17470919,33.4,13.8,NA,NA,0.2370788112
8,39,21,-9.42870000004768,16.0309999994934,18.5982081,26.3,16.3,NA,NA,0.1736280238
8,40,21,-14.2626999999629,-12.3310000002384,18.85412879,24.4,16.4,NA,NA,0.1503641216
8,41,21,1.82929999998305,-18.9359999997541,19.02415398,29,14.9,NA,NA,0.19297586
8,42,21,-16.8237000000663,-9.10300000011921,19.12855171,37.3,18,NA,NA,0.385665588
8,43,21,-12.7157000000589,14.6759999999776,19.41839341,34.1,16,NA,NA,0.286516384
8,44,21,6.88930000003893,-18.1790000004694,19.44064031,37.4,15.2,NA,NA,0.3274217408
9,1,21,-5.4655999999959,1.69099999964237,5.721211791,38.4,15.2,NA,NA,0.3451650048
9,2,21,5.22940000006929,2.50299999956042,5.797554084,39.5,15.6,NA,NA,0.37483446
9,3,21,8.14740000001621,0.0400000000372529,8.14749819,29,14.9,NA,NA,0.19297586
9,4,21,-0.199599999934435,8.49299999978393,8.495345146,37.6,17,NA,NA,0.370122368
9,5,21,-8.87659999995958,3.60800000000745,9.581841762,33.4,16.5,NA,NA,0.283463796
9,6,21,-4.92759999993723,-8.35500000044703,9.699859111,37,15,NA,NA,0.316239
9,7,21,-7.94459999992978,6.64499999955297,10.35725321,24.4,16.4,NA,NA,0.1503641216
9,8,21,7.64140000008047,7.12899999972433,10.45053276,31.6,14.7,NA,NA,0.2260540128
9,9,21,8.18040000007022,-7.39100000075996,11.02478232,28.1,14.5,NA,NA,0.176319913
9,10,21,-10.7385999999242,2.50999999977648,11.02803835,22.2,16,NA,NA,0.121435776
9,11,21,-10.2695999999996,-4.0440000006929,11.03714728,25.5,13.7,NA,NA,0.137189745
9,12,21,11.4254000000656,-4.89400000032037,12.4294409,31.5,15.5,NA,NA,0.236850075
9,13,21,-7.81660000002012,9.75600000005215,12.50115081,37.2,19,NA,NA,0.404911584
9,14,21,6.37239999999292,-11.0360000003129,12.74365637,29,14.5,NA,NA,0.1877953
9,15,21,-12.6866000000155,2.02999999932945,12.84798504,25.2,14.9,NA,NA,0.1457162784
9,16,21,13.2074000000721,0.796999999321997,13.23142561,37.4,15.2,NA,NA,0.3274217408
9,17,21,-11.3145999999251,-6.86000000033528,13.23177135,29.8,15.9,NA,NA,0.2174454744
9,18,21,-6.49359999992885,-11.9060000004247,13.5616989,24.4,15.4,NA,NA,0.1411955776
9,19,21,7.37939999997616,11.4709999999031,13.63962556,32.1,15.3,NA,NA,0.2427852042
9,20,21,-4.06259999994654,13.3729999996722,13.9764748,22.2,18.3,NA,NA,0.1388921688
9,21,21,12.8453999999911,-5.5440000006929,13.99071968,28.6,15.9,NA,NA,0.2002856856
9,22,21,-10.5056000000332,9.87299999967217,14.41678745,37.3,18,NA,NA,0.385665588
9,23,21,5.32339999999385,-13.598000000231,14.60288299,29.1,16.6,NA,NA,0.2164785084
9,24,21,11.8264000000199,-9.14000000059605,14.94668314,34.5,16.6,NA,NA,0.30427551
9,25,21,8.60739999997895,-12.2420000005513,14.96508933,35.6,15.9,NA,NA,0.3103257696
9,26,21,-3.38959999999497,14.6429999992251,15.03019751,26.8,17.7,NA,NA,0.1957778592
9,27,21,-13.2996000000276,-7.66100000031292,15.34829897,27.8,16.5,NA,NA,0.196378644
9,28,21,-9.13659999996889,13.0159999998286,15.90263235,37.3,19.8,NA,NA,0.4242321468
9,29,21,0.327400000067428,16.6059999996796,16.60922716,30.8,18.3,NA,NA,0.2673457248
9,30,21,-7.71759999997448,-14.7830000007525,16.67628372,25.5,15.8,NA,NA,0.15821883
9,31,21,2.01140000007581,-16.5810000002384,16.70255343,36,16.2,NA,NA,0.32332608
9,32,21,11.6674000000348,-12.3220000006258,16.96938145,28.8,15.4,NA,NA,0.1967099904
9,33,21,14.0504000000656,9.9089999999851,17.19308062,31.5,14,NA,NA,0.2139291
9,34,21,6.71240000007674,-16.1720000002533,17.50970867,25.2,16.2,NA,NA,0.1584297792
9,35,21,17.033400000073,4.29599999915808,17.56679628,33.4,13.8,NA,NA,0.2370788112
9,36,21,-11.7576000000117,-13.6580000007525,18.02171251,33.9,16.5,NA,NA,0.292014261
9,37,21,-5.0006000000285,17.7679999992251,18.45827252,41,20,NA,NA,0.517748
9,38,21,-5.30460000003222,-18.0750000001863,18.8373142,33.4,16.3,NA,NA,0.2800278712
9,39,21,-0.904600000008941,18.9079999998212,18.92962665,33.5,17.7,NA,NA,0.305902905
9,40,21,-19.063599999994,1.50799999944866,19.12315113,36,14.9,NA,NA,0.29738016
9,41,21,-15.3275999999605,-11.7060000002384,19.28641381,26.2,16.1,NA,NA,0.1701959336
9,42,21,-13.9695999999531,-14.2120000002906,19.9281376,30.9,16.5,NA,NA,0.242617221
10,1,21,-6.13040000002366,0.773999999277294,6.179067904,28.6,15.9,NA,NA,0.2002856856
10,2,21,7.19559999997728,-0.110000000335276,7.196440742,42,14.4,NA,NA,0.39118464
10,3,21,-7.55039999994915,1.42399999964982,7.683509365,31.5,15.5,NA,NA,0.236850075
10,4,21,-7.14939999999478,-2.82200000062585,7.686195702,34.5,16.6,NA,NA,0.30427551
10,5,21,-5.76839999994263,7.11499999929219,9.159566777,37.4,15.2,NA,NA,0.3274217408
10,6,21,-7.30839999997988,-6.00400000065565,9.458368071,28.8,15.4,NA,NA,0.1967099904
10,7,21,-1.9423999999417,10.6139999991283,10.7902694,33.4,13.8,NA,NA,0.2370788112
10,8,21,-10.7953999999445,-1.07300000078976,10.84859393,28.1,14.5,NA,NA,0.176319913
10,9,21,-10.3684000000358,-5.92400000058115,11.94141929,35.6,15.9,NA,NA,0.3103257696
10,10,21,12.2615999999689,1.71999999973923,12.3816491,34.8,15.6,NA,NA,0.2909402496
10,11,21,-10.8283999999985,6.35800000000745,12.55700643,29,14.9,NA,NA,0.19297586
10,12,21,-5.30539999995381,-12.1160000003874,13.2266672,32.8,16,NA,NA,0.265086976
10,13,21,2.88959999999497,-12.9660000000149,13.28408612,31.7,14.6,NA,NA,0.2259394676
10,14,21,-12.6034000000218,-4.71800000034273,13.45753378,29,14.5,NA,NA,0.1877953
10,15,21,8.48860000004061,-10.9740000003949,13.87389657,30,17.7,NA,NA,0.245322
10,16,21,13.5585999999894,4.09199999924749,14.16263033,37.8,15.1,NA,NA,0.3322624536
10,17,21,7.56059999996796,-13.3710000002757,15.36054405,28.5,16.1,NA,NA,0.201389265
10,18,21,12.9496000000509,8.31699999980628,15.39040705,29.7,14.8,NA,NA,0.2010459528
10,19,21,-13.6524000000209,-7.28000000026077,15.47211769,29.1,16.6,NA,NA,0.2164785084
10,20,21,-12.263399999938,-9.85400000028312,15.73188786,25.2,16.2,NA,NA,0.1584297792
10,21,21,15.7245999999577,-2.07400000002235,15.86078564,33.8,12.7,NA,NA,0.2234384152
10,22,21,14.6635999999708,-6.29000000003725,15.95572828,34.5,15.6,NA,NA,0.28594566
10,23,21,-9.9314000000013,-12.9040000000969,16.28330194,32,15.9,NA,NA,0.25073664
10,24,21,-13.7463999999454,8.82099999953061,16.33320403,39.5,15.6,NA,NA,0.37483446
10,25,21,-1.30739999993239,16.401999999769,16.45402379,31.5,15.7,NA,NA,0.239906205
10,26,21,-4.92539999994915,16.2269999999553,16.95803922,31.5,14,NA,NA,0.2139291
10,27,21,11.6996000000509,-12.75,17.30442545,25.6,14.6,NA,NA,0.1473511424
10,28,21,-5.58939999993891,-16.410000000149,17.33578647,35.5,16.2,NA,NA,0.31440717
10,29,21,-11.3343999999342,13.4469999996945,17.58665495,31.6,14.7,NA,NA,0.2260540128
10,30,21,16.7175999999745,7.28499999921769,18.23593636,42.5,16.3,NA,NA,0.453404875
10,31,21,12.7615999999689,-14.2410000003874,19.12235643,30.5,17.5,NA,NA,0.250702375
10,32,21,0.918599999975413,19.561999999918,19.58355611,28.7,13.6,NA,NA,0.1725136336
10,33,21,-16.9643999999389,-10.2630000002682,19.82725489,36,16.2,NA,NA,0.32332608
11,1,21,1.46080000000075,-2.62599999923259,3.004964665,32.2,14.4,NA,NA,0.2299296384
11,2,21,-4.31220000004396,0.0280000008642673,4.312290904,34.5,15.6,NA,NA,0.28594566
11,3,21,-3.251200000057,4.24400000087917,5.346198411,33.8,12.7,NA,NA,0.2234384152
11,4,21,4.90480000001844,-3.60099999979138,6.084756695,29.9,16.8,NA,NA,0.2312982672
11,5,21,7.95180000003893,-0.751999999396503,7.987279089,37.5,15.9,NA,NA,0.344334375
11,6,21,5.17379999998957,-7.77899999916553,9.342432629,31.5,15.6,NA,NA,0.23837814
11,7,21,5.57579999999143,7.92600000090897,9.690769921,37,15.8,NA,NA,0.33310508
11,8,21,-7.27619999996386,-6.43199999909848,9.711524619,25.6,14.6,NA,NA,0.1473511424
11,9,21,-6.21420000004582,-7.92299999948591,10.06927061,30.5,17.5,NA,NA,0.250702375
11,10,21,8.25679999997374,6.18300000019372,10.31524286,33.5,15.3,NA,NA,0.264424545
11,11,21,-6.71420000004582,8.03800000064075,10.47329584,34.8,15.6,NA,NA,0.2909402496
11,12,21,2.76280000002589,-10.3539999993518,10.71626707,24.5,14.4,NA,NA,0.13311144
11,13,21,-10.4871999999741,-4.65599999949336,11.47430607,30,17.7,NA,NA,0.245322
11,14,21,4.7147999999579,-10.5479999994859,11.55377181,31.8,14,NA,NA,0.218023344
11,15,21,-5.41720000002533,10.410000000149,11.73516748,37.8,15.1,NA,NA,0.3322624536
11,16,21,-0.131200000061654,-12.2689999993891,12.26970148,31,17.4,NA,NA,0.25750956
11,17,21,-11.7802000000374,6.20800000056624,13.31586933,42,14.4,NA,NA,0.39118464
11,18,21,-11.4152000000468,-7.05299999937415,13.41833075,28.5,16.1,NA,NA,0.201389265
11,19,21,-2.25820000004023,13.6030000001192,13.78916518,42.5,16.3,NA,NA,0.453404875
11,20,21,9.60380000004079,-10.5259999996051,14.24884734,27,14.4,NA,NA,0.16166304
11,21,21,-8.27119999995921,-11.9429999999702,14.52749113,32.2,16.7,NA,NA,0.2666545112
11,22,21,-7.19620000000577,-12.7949999999255,14.67982696,31.5,16,NA,NA,0.2444904
11,23,21,-6.02619999996386,14.6350000007078,15.82713845,29.7,14.8,NA,NA,0.2010459528
11,24,21,1.14980000001378,-15.8809999991208,15.92256892,29.2,16.7,NA,NA,0.2192819552
11,25,21,12.1938000000082,10.2480000006035,15.92828498,36.2,16.9,NA,NA,0.3410551144
11,26,21,8.98979999998119,13.7260000007227,16.40791212,32.5,14.6,NA,NA,0.23748725
11,27,21,15.5858000000007,-6.69199999980628,16.96172237,27.5,14.8,NA,NA,0.1723645
11,28,21,16.7127999999793,3.08000000007451,16.99423678,42.5,16.8,NA,NA,0.467313
11,29,21,12.4797999999719,-11.5399999991059,16.99755888,41.2,15.2,NA,NA,0.3973367552
11,30,21,-16.0862000000197,-6.64799999911338,17.405796,31.7,14.6,NA,NA,0.2259394676
11,31,21,-6.50820000004023,-16.1679999995977,17.42873751,33.5,18.2,NA,NA,0.31454423
11,32,21,17.0328000000445,-3.91899999976158,17.47783845,31,16.4,NA,NA,0.24271016
11,33,21,2.01379999995697,-18.4359999997541,18.5456595,36,16.7,NA,NA,0.33330528
11,34,21,11.140800000052,15.070000000298,18.74092646,30,14.1,NA,NA,0.195426
11,35,21,-10.7571999999927,-15.3699999991804,18.76044381,34.3,18.4,NA,NA,0.3333702064
11,36,21,19.0398000000278,1.81700000073761,19.12630317,25.5,15.6,NA,NA,0.15621606
12,1,21,-1.94309999991674,2.39900000020862,3.087205631,31,16.4,NA,NA,0.24271016
12,2,21,-3.39009999996051,-0.373999999836087,3.410667678,27.5,14.8,NA,NA,0.1723645
12,3,21,1.74589999997988,2.98000000044703,3.453775733,27,15.6,NA,NA,0.17513496
12,4,21,-1.86009999993257,-7.0359999993816,7.277724095,29.8,15.3,NA,NA,0.2092399848
12,5,21,0.0639000000664964,8.13500000070781,8.135250962,25.5,15.6,NA,NA,0.15621606
12,6,21,-6.49609999998938,-5.22199999913573,8.334782493,41.2,15.2,NA,NA,0.3973367552
12,7,21,8.65690000005998,-3.69399999920279,9.412096132,31.4,15.8,NA,NA,0.2399037872
12,8,21,8.62790000007953,3.953000000678,9.490356548,25,16.5,NA,NA,0.1588125
12,9,21,9.47490000003017,-1.30399999953806,9.56421173,34.1,15.1,NA,NA,0.2703998374
12,10,21,-2.26309999998193,9.3980000000447,9.666645003,42.5,16.8,NA,NA,0.467313
12,11,21,-9.37209999992047,-4.20799999963492,10.27343771,27,14.4,NA,NA,0.16166304
12,12,21,-4.92509999999311,-9.23999999929219,10.47063561,28.1,14.7,NA,NA,0.1787519118
12,13,21,7.78690000006463,7.72200000006706,10.96654438,23.8,15.1,NA,NA,0.1317199576
12,14,21,10.843899999978,-3.00599999912083,11.2528309,27.8,15.9,NA,NA,0.1892376024
12,15,21,9.60490000003483,6.7730000000447,11.75277129,32.9,16.7,NA,NA,0.2783742038
12,16,21,8.60790000006091,-8.06099999975413,11.79303453,31.8,16.1,NA,NA,0.2507268456
12,17,21,-11.0240999999223,5.56600000057369,12.34953994,37.5,15.9,NA,NA,0.344334375
12,18,21,-5.92709999997169,-12.1419999999925,13.5114277,29.8,15.3,NA,NA,0.2092399848
12,19,21,-13.8020999999717,-1.46099999919534,13.87921055,31.5,15.6,NA,NA,0.23837814
12,20,21,-14.0710999999428,2.71700000017881,14.33101337,29.9,16.8,NA,NA,0.2312982672
12,21,21,1.01990000007208,14.5310000004247,14.56674833,31.5,14.1,NA,NA,0.215457165
12,22,21,6.26589999999851,-13.4589999997988,14.84608311,32.3,15.3,NA,NA,0.2458199898
12,23,21,-14.2611000000034,-4.22999999951571,14.87521002,31.8,14,NA,NA,0.218023344
12,24,21,12.9099000000861,-7.96099999919534,15.16716978,39.4,17.8,NA,NA,0.4255329232
12,25,21,-3.04810000001453,-15.625,15.91953324,32.2,16.6,NA,NA,0.2650577776
12,26,21,-10.7190999999875,12.5010000001639,16.46736487,33.5,15.3,NA,NA,0.264424545
12,27,21,11.8638999999966,11.4320000000298,16.47551963,26.4,15.8,NA,NA,0.1695843072
12,28,21,-16.2130999999354,-4.0359999993816,16.70789956,24.5,14.4,NA,NA,0.13311144
12,29,21,9.20090000005439,-14.546999999322,17.21254687,37.3,15.4,NA,NA,0.3299583364
12,30,21,-17.5150999999605,3.69200000073761,17.8999886,32.2,14.4,NA,NA,0.2299296384
12,31,21,-6.78209999995306,16.5660000005737,17.90053732,36.2,16.9,NA,NA,0.3410551144
12,32,21,-8.90009999996983,-15.5529999993742,17.91947513,41.4,16.2,NA,NA,0.4275987408
12,33,21,17.1709000000264,7.38300000037998,18.69086664,31,15.4,NA,NA,0.22791076
12,34,21,14.952900000033,11.3680000007153,18.7835205,24.5,16.3,NA,NA,0.150674755
12,35,21,12.4139000000432,14.2610000008717,18.90716886,30,16.5,NA,NA,0.22869
12,36,21,3.93090000003576,18.5169999999925,18.92963982,32.9,15.1,NA,NA,0.2517036214
12,37,21,-13.4000999999698,14.2440000008792,19.55643669,37,15.8,NA,NA,0.33310508
12,38,21,-0.593099999940023,19.8590000001714,19.86785466,34,16.7,NA,NA,0.29730008
12,39,21,9.60690000001341,17.4820000007749,19.94775305,27.3,16.1,NA,NA,0.1847872026
13,1,21,1.03999999992084,-3.6269999993965,3.773159021,37.9,18.7,NA,NA,0.4136573518
13,2,21,-2.58200000005309,3.42300000041723,4.287616238,41.4,16.2,NA,NA,0.4275987408
13,3,21,3.26999999990221,3.35099999979138,4.682104334,32.2,16.6,NA,NA,0.2650577776
13,4,21,0.390999999945052,6.83399999979883,6.845176185,29.8,15.3,NA,NA,0.2092399848
13,5,21,5.85399999993388,-5.90099999960512,8.312106652,31.7,16.3,NA,NA,0.2522474878
13,6,21,-1.25800000003073,-9.73499999940395,9.815945649,29.2,16.8,NA,NA,0.2205950208
13,7,21,1.39299999992363,9.73600000049919,9.835148449,28.1,14.7,NA,NA,0.1787519118
13,8,21,-9.09900000004563,-4.48400000017136,10.14386795,31.2,16.4,NA,NA,0.2458520064
13,9,21,9.28699999989476,-4.63899999950081,10.38116997,32.3,17.5,NA,NA,0.281166655
13,10,21,-10.877000000095,1.03000000026077,10.9256592,32.5,16.8,NA,NA,0.273273
13,11,21,-10.7900000000373,-1.8179999999702,10.94208499,29.8,18.1,NA,NA,0.2475322696
13,12,21,-10.5560000000987,-5.43800000008196,11.87438335,33.8,19.2,NA,NA,0.3377966592
13,13,21,-11.3120000000345,4.85099999979138,12.30827141,30.6,14.4,NA,NA,0.2076471936
13,14,21,7.23499999998603,-10.2209999999031,12.52254231,22.2,15.9,NA,NA,0.1206768024
13,15,21,-10.0270000000019,-7.70000000018626,12.64241785,23.2,15.4,NA,NA,0.1276489984
13,16,21,-10.6440000000875,6.85800000000745,12.6620259,36,16.7,NA,NA,0.33330528
13,17,21,4.45799999998417,11.9400000004098,12.74509176,29.8,15.3,NA,NA,0.2092399848
13,18,21,12.7419999999693,-0.976999999955297,12.77940112,27.5,17.2,NA,NA,0.2003155
13,19,21,12.5839999999152,5.51699999999255,13.74024545,32.3,15.3,NA,NA,0.2458199898
13,20,21,-0.178000000072643,13.7540000006557,13.75515176,41.2,15.2,NA,NA,0.3973367552
13,21,21,-7.83300000010058,-11.4040000000969,13.83499566,25,16.3,NA,NA,0.1568875
13,22,21,3.2599999998929,-13.4879999998957,13.87637359,26.4,15.4,NA,NA,0.1652910336
13,23,21,11.2609999999404,-8.27599999960512,13.97505982,31.4,16.9,NA,NA,0.2566059496
13,24,21,14.5749999999534,-2.54799999948591,14.79604437,35,17.5,NA,NA,0.3301375
13,25,21,-11.5080000000307,9.41300000064075,14.86736806,29.2,16.7,NA,NA,0.2192819552
13,26,21,-14.5709999999963,-3.5910000000149,15.00697578,27.1,14.2,NA,NA,0.1606007788
13,27,21,-3.05400000000373,14.7680000001565,15.08047546,27,14.4,NA,NA,0.16166304
13,28,21,-11.4100000000326,-9.87899999972433,15.09247299,36.5,18.6,NA,NA,0.38160969
13,29,21,10.762999999919,-10.7960000000894,15.24453295,22,16.5,NA,NA,0.1229844
13,30,21,7.30699999991339,-13.4720000000671,15.3260247,28.1,17,NA,NA,0.206719898
13,31,21,15.5189999999711,4.42900000046939,16.13863074,37.3,15.4,NA,NA,0.3299583364
13,32,21,-7.94300000008661,14.7460000002757,16.74920192,31.8,14,NA,NA,0.218023344
13,33,21,-9.04600000008941,-14.1229999996722,16.77167985,25.6,17.4,NA,NA,0.1756102656
13,34,21,15.1939999999013,-7.77199999988079,17.0663886,31.1,17.2,NA,NA,0.2561945848
13,35,21,5.8739999999525,-16.7960000000894,17.79352388,38.4,19.2,NA,NA,0.4359979008
13,36,21,-9.89500000001863,14.9400000004098,17.91967145,24.5,14.4,NA,NA,0.13311144
13,37,21,-12.7890000001062,13.0250000003725,18.25401726,31,17.4,NA,NA,0.25750956
13,38,21,14.9259999999776,10.9150000000373,18.49115197,31.8,16.1,NA,NA,0.2507268456
13,39,21,2.92799999995623,18.6019999999553,18.83102727,27.5,14.8,NA,NA,0.1723645
13,40,21,-7.48400000005495,17.515000000596,19.04692839,31.5,15.6,NA,NA,0.23837814
13,41,21,4.39199999999255,-18.5599999995902,19.07257885,29.8,19.8,NA,NA,0.2707811568
13,42,21,13.420999999973,-13.7359999995679,19.20419061,33.3,18.5,NA,NA,0.315922761
13,43,21,-13.0890000000363,-14.2319999998435,19.33576337,25.3,17.3,NA,NA,0.1705327778
13,44,21,-10.5520000000251,-16.4619999993593,19.55357123,29.8,18.9,NA,NA,0.2584729224
13,45,21,-14.7420000000857,-13.0309999994934,19.67570901,30.2,17.8,NA,NA,0.2500084048
14,1,21,-0.190200000070035,2.80800000019372,2.814434231,33.5,18.2,NA,NA,0.31454423
14,2,21,-4.43920000002254,3.60600000061095,5.719242314,34.3,18.4,NA,NA,0.3333702064
14,3,21,-0.878200000035577,6.18099999986589,6.243075864,31.5,16,NA,NA,0.2444904
14,4,21,-6.00719999999274,-2.07400000002235,6.35514971,25.2,16.6,NA,NA,0.1623416256
14,5,21,-1.95319999998901,7.03299999982119,7.299183464,32.2,16.7,NA,NA,0.2666545112
14,6,21,-2.97220000007655,-6.7160000000149,7.344292263,31.6,16.4,NA,NA,0.2521963136
14,7,21,7.66379999998026,-1.46700000017881,7.802942999,30.6,14.4,NA,NA,0.2076471936
14,8,21,7.46779999998398,3.09500000067055,8.083752955,29.2,16.7,NA,NA,0.2192819552
14,9,21,8.33179999992717,0.540000000037253,8.349280882,36,16.7,NA,NA,0.33330528
14,10,21,6.18679999990854,6.70700000040233,9.124710584,31,17.4,NA,NA,0.25750956
14,11,21,-9.24620000005234,-0.814999999478459,9.282049313,29.5,15.5,NA,NA,0.207728675
14,12,21,8.09879999991972,-5.28799999970943,9.672306107,32.5,16.8,NA,NA,0.273273
14,13,21,4.40480000001844,-9.9089999999851,10.84391738,27.1,14.2,NA,NA,0.1606007788
14,14,21,0.103799999924377,11.0530000003055,11.05348739,30.5,17.5,NA,NA,0.250702375
14,15,21,-10.4712000000291,-4.65599999949336,11.45968435,35.3,17.8,NA,NA,0.3415781908
14,16,21,8.18579999997746,-8.1359999999404,11.54130918,29.8,18.1,NA,NA,0.2475322696
14,17,21,-11.2521999999881,5.19900000002235,12.39522512,37.5,17.3,NA,NA,0.374653125
14,18,21,9.08079999999609,8.62200000043958,12.52197319,24.5,14.4,NA,NA,0.13311144
14,19,21,-0.958199999993667,12.5440000006929,12.58054384,25.6,14.6,NA,NA,0.1473511424
14,20,21,-5.09720000007655,11.9230000004172,12.96685686,28.5,16.1,NA,NA,0.201389265
14,21,21,11.0327999999281,8.42800000030547,13.88358239,31.8,14,NA,NA,0.218023344
14,22,21,8.41979999991599,-11.7560000000522,14.46017178,33.8,19.2,NA,NA,0.3377966592
14,23,21,9.87679999996908,-10.8020000001416,14.63674767,31.2,16.4,NA,NA,0.2458520064
14,24,21,-4.16920000000391,14.320000000298,14.91457772,30,17.7,NA,NA,0.245322
14,25,21,-9.76820000004955,12.328000000678,15.72886885,31.7,14.6,NA,NA,0.2259394676
14,26,21,-4.75620000006165,-15.3159999996424,16.03749651,39.4,17.4,NA,NA,0.4159703856
14,27,21,11.4917999999598,11.1970000006258,16.04475853,31.5,15.6,NA,NA,0.23837814
14,28,21,-14.2421999999788,-8.01699999999255,16.34357824,34.2,17.8,NA,NA,0.3206217168
14,29,21,8.94880000001285,-14.0180000001565,16.63085522,23.2,15.4,NA,NA,0.1276489984
14,30,21,16.3937999999616,-2.89499999955297,16.64745336,41.4,16.2,NA,NA,0.4275987408
14,31,21,7.56579999998212,-16.1969999996945,17.87691636,36.5,18.6,NA,NA,0.38160969
14,32,21,15.921800000011,8.45000000018626,18.02515507,27,14.4,NA,NA,0.16166304
14,33,21,7.77879999997094,16.3500000005588,18.10613789,32.2,14.4,NA,NA,0.2299296384
14,34,21,11.2227999999886,15.375,19.03527948,29.9,16.8,NA,NA,0.2312982672
14,35,21,2.00579999992624,19.0040000006557,19.10955912,34.5,15.6,NA,NA,0.28594566
14,36,21,-7.21319999999832,-17.8649999992922,19.26625234,35.8,14.4,NA,NA,0.2842164864
14,37,21,-13.2961999999825,-14.0139999995008,19.31789664,33.1,17.3,NA,NA,0.2918924162
14,38,21,-19.2621999999974,1.74899999983609,19.34144126,35.9,18.7,NA,NA,0.3711515038
14,39,21,19.3667999999598,0.515999999828637,19.37367281,29.8,15.3,NA,NA,0.2092399848
14,40,21,-9.24420000007376,-17.0789999999106,19.42028513,35.8,19.3,NA,NA,0.3809290408
14,41,21,4.23379999992903,-19.3489999994636,19.80678832,30.2,17.8,NA,NA,0.2500084048
15,1,21,-0.805400000070222,-1.08499999996275,1.351256512,31.6,18.1,NA,NA,0.2783386144
15,2,21,0.728600000031292,2.56600000057369,2.66743584,35.5,16.2,NA,NA,0.31440717
15,3,21,-0.286399999982677,-4.56900000013411,4.577967449,35.9,18.7,NA,NA,0.3711515038
15,4,21,-6.83140000002459,-0.078999999910593,6.831856773,37.7,17.7,NA,NA,0.3874152282
15,5,21,1.01260000001639,6.86000000033528,6.93433189,32.8,16,NA,NA,0.265086976
15,6,21,-3.61340000003111,6.07200000062585,7.065822215,32,15.9,NA,NA,0.25073664
15,7,21,-7.47239999996964,-1.76599999982864,7.678249655,27.6,17.1,NA,NA,0.2006018784
15,8,21,7.72360000002664,-1.11899999994785,7.804239743,37.5,17.3,NA,NA,0.374653125
15,9,21,-6.49739999999292,-5.91000000014901,8.783183179,26.8,16.9,NA,NA,0.1869291424
15,10,21,-8.44740000006277,-3.43899999931455,9.120596897,25.1,14.7,NA,NA,0.1426216638
15,11,21,-9.83240000007208,2.40100000053644,10.12130875,31.8,16.8,NA,NA,0.2616280128
15,12,21,-5.94539999996778,9.12200000043958,10.88846478,25.2,16.2,NA,NA,0.1584297792
15,13,21,9.20759999996517,6.01000000070781,10.9954535,31.7,14.6,NA,NA,0.2259394676
15,14,21,-3.44640000001527,-10.6820000000298,11.22420585,42.2,16.4,NA,NA,0.4497689504
15,15,21,-9.85640000004787,-6.27399999927729,11.68382202,31.8,17,NA,NA,0.264742632
15,16,21,9.72959999996237,-7.13299999944866,12.06419517,29.5,15.5,NA,NA,0.207728675
15,17,21,-8.31740000005811,-9.51699999999255,12.63932086,32.5,11.1,NA,NA,0.180555375
15,18,21,-0.990400000009686,12.9720000000671,13.00975312,28.8,15.4,NA,NA,0.1967099904
15,19,21,-4.05040000006557,13.0520000001416,13.6660325,35.6,15.9,NA,NA,0.3103257696
15,20,21,-10.6463999999687,8.71300000045449,13.75725997,36,16.2,NA,NA,0.32332608
15,21,21,-7.33440000005066,11.6960000004619,13.8054279,29.1,16.6,NA,NA,0.2164785084
15,22,21,8.50459999998566,-10.9739999994636,13.88369177,35.3,17.8,NA,NA,0.3415781908
15,23,21,-13.6154000000097,-3.18800000008196,13.98364978,27.4,16.8,NA,NA,0.1942366272
15,24,21,14.5365999999922,-2.71199999935925,14.78741639,34.3,18.4,NA,NA,0.3333702064
15,25,21,13.8785999999382,5.60500000044703,14.96768395,28.5,16.1,NA,NA,0.201389265
15,26,21,-4.05139999999665,-14.4309999998659,14.988916,32.1,16.5,NA,NA,0.261827181
15,27,21,4.73360000003595,-14.3349999999627,15.09633048,34.2,17.8,NA,NA,0.3206217168
15,28,21,12.968600000022,-8.39199999999255,15.44701427,25.2,16.6,NA,NA,0.1623416256
15,29,21,-6.2854000000516,14.25800000038,15.58193881,29,14.5,NA,NA,0.1877953
15,30,21,-0.831400000024587,16.1540000000969,16.17538074,34.5,16.6,NA,NA,0.30427551
15,31,21,14.8066000000108,8.00200000032783,16.83054983,30,17.7,NA,NA,0.245322
15,32,21,17.0226000000257,0.714999999850988,17.03760945,32.2,16.7,NA,NA,0.2666545112
15,33,21,-14.204400000046,-9.69699999969453,17.1987438,34.9,18.2,NA,NA,0.3413838428
15,34,21,18.0975999999791,-0.137000000104308,18.09811854,31.5,16,NA,NA,0.2444904
15,35,21,-4.4773999999743,17.9029999999329,18.45439026,28.1,14.5,NA,NA,0.176319913
15,36,21,18.017600000021,6.22600000072271,19.06297421,25.6,14.6,NA,NA,0.1473511424
15,37,21,18.7855999999447,-3.50999999977648,19.11070034,33.5,18.2,NA,NA,0.31454423
15,38,21,-17.9624000000767,7.21900000050664,19.3587648,33.4,16.3,NA,NA,0.2800278712
15,39,21,-9.3414000000339,-17.1919999998063,19.56595558,36,20.3,NA,NA,0.40515552
15,40,21,19.0795999999391,4.73500000033528,19.65836619,30.5,17.5,NA,NA,0.250702375
15,41,21,0.187599999946542,19.75,19.75089096,28.6,15.9,NA,NA,0.2002856856
15,42,21,-19.7904000000563,0.343000000342727,19.79337215,27.5,16.5,NA,NA,0.192163125
16,1,21,1.01339999993797,0.901000000536442,1.356016431,33.4,16.3,NA,NA,0.2800278712
16,2,21,-1.39960000000428,4.1929999999702,4.420421831,25.5,15.8,NA,NA,0.15821883
16,3,21,-4.30859999998938,-1.45999999996275,4.549245428,38.2,17.1,NA,NA,0.3842762616
16,4,21,-0.814600000041537,-5.97499999962747,6.030273473,27.5,16.5,NA,NA,0.192163125
16,5,21,-6.44160000002012,0.435000000521541,6.456271026,34.5,16.7,NA,NA,0.306108495
16,6,21,-0.175599999958649,7.07000000029802,7.072180383,24.4,15.4,NA,NA,0.1411955776
16,7,21,-5.43960000004154,5.3179999999702,7.607257861,33.9,16.5,NA,NA,0.292014261
16,8,21,8.32940000004601,2.39500000048429,8.666886948,36,16.2,NA,NA,0.32332608
16,9,21,-8.73860000004061,-1.30799999926239,8.835948956,24.5,16,NA,NA,0.1479016
16,10,21,-7.65159999998286,4.76400000043213,9.013472059,30.9,16.5,NA,NA,0.242617221
16,11,21,-9.12959999998566,-3.1019999999553,9.642198928,39.8,17.1,NA,NA,0.4171410936
16,12,21,9.14339999994263,-3.91699999943376,9.947092668,31.8,16.8,NA,NA,0.2616280128
16,13,21,1.39040000003297,10.6210000002757,10.71162234,37,15,NA,NA,0.316239
16,14,21,5.36040000000503,-9.50600000005215,10.91319954,27.4,16.8,NA,NA,0.1942366272
16,15,21,-9.00959999999031,7.27000000048429,11.5769509,26.2,16.1,NA,NA,0.1701959336
16,16,21,-2.21959999995306,-11.4069999996573,11.62094115,26.3,NA,1,NA,NA
16,17,21,11.6413999999641,5.37800000049174,12.82361408,29.1,16.6,NA,NA,0.2164785084
16,18,21,-8.05059999995865,-10.1849999995902,12.98254156,26.5,16.2,NA,NA,0.17519733
16,19,21,-4.99659999995492,12.1160000003874,13.10585623,29.8,15.9,NA,NA,0.2174454744
16,20,21,-6.98160000005737,11.3150000004098,13.2955618,27.8,16.5,NA,NA,0.196378644
16,21,21,13.0304000000469,2.80400000046939,13.32868111,25.2,16.2,NA,NA,0.1584297792
16,22,21,-11.1955999999773,-7.78199999965727,13.63455109,33.1,16.4,NA,NA,0.2767072616
16,23,21,12.1443999999901,-6.39699999988079,13.72618157,37.7,17.7,NA,NA,0.3874152282
16,24,21,11.5034000000451,-8.08399999979883,14.05984593,27.6,17.1,NA,NA,0.2006018784
16,25,21,10.5283999999519,-9.75699999928474,14.35431139,25.1,14.7,NA,NA,0.1426216638
16,26,21,-7.26560000004247,-12.5299999993294,14.48412384,28.1,NA,1,NA,NA
16,27,21,12.6903999999631,7.94000000040978,14.969631,29,14.5,NA,NA,0.1877953
16,28,21,15.3623999999836,-0.245999999344349,15.36436949,32,15.9,NA,NA,0.25073664
16,29,21,-3.95160000002943,14.9320000000298,15.44602753,25.5,13.7,NA,NA,0.137189745
16,30,21,9.11939999996684,-12.5919999992475,15.5474088,31.8,17,NA,NA,0.264742632
16,31,21,14.9253999999491,6.73400000017136,16.37419681,35.6,15.9,NA,NA,0.3103257696
16,32,21,-16.5095999999903,-0.578999999910593,16.51974979,32.5,15.6,NA,NA,0.2537535
16,33,21,4.77139999996871,-16.0149999996647,16.71066973,34.9,18.2,NA,NA,0.3413838428
16,34,21,12.4784000000218,-12.2280000001192,17.47096021,26.8,16.9,NA,NA,0.1869291424
16,35,21,-4.80859999998938,-17.1469999998808,17.80848795,40.1,20.6,NA,NA,0.5101250924
16,36,21,-13.1955999999773,12.6310000000522,18.26652732,33.2,15.9,NA,NA,0.2698944864
16,37,21,14.4984000000404,11.5849999999627,18.55844357,28.1,14.5,NA,NA,0.176319913
16,38,21,10.6583999999566,-15.8349999999627,19.08792067,32.5,11.1,NA,NA,0.180555375
16,39,21,17.985400000005,6.65400000009686,19.17681749,28.8,15.4,NA,NA,0.1967099904
16,40,21,18.1703999999445,-7.40299999993294,19.62059747,31.6,18.1,NA,NA,0.2783386144
16,41,21,19.9884000000311,0.542000000365078,19.99574701,32.8,16,NA,NA,0.265086976
